image_key,receipt_id,transaction_date,customer_id,item_rows,units,receipt_total_clean,receipt_total_source,amount_paid_bhd,current_outstanding_bhd,final_payment_status
receipt-180,501,2025-03-09,CUST-170,1,1.0,38.0,Receipt,38.0,0.0,Paid
receipt-183,502,2025-03-09,CUST-173,1,1.0,38.0,Receipt,38.0,0.0,Paid
receipt-185,503,2025-03-09,CUST-175,1,1.0,36.0,Receipt,36.0,0.0,Paid
receipt-187,504,2025-03-09,CUST-177,1,1.0,29.0,Receipt,29.0,0.0,Paid
receipt-190,505,2025-03-14,CUST-180,1,1.0,,Missing,,,Unknown
receipt-193,506,2025-03-09,CUST-183,1,1.0,1.5,Receipt,1.5,0.0,Paid
receipt-195,507,2025-03-10,CUST-185,1,1.0,39.0,Receipt,39.0,0.0,Paid
receipt-177,508,2025-03-10,CUST-167,1,1.0,28.0,Receipt,28.0,0.0,Paid
receipt-192,509,2025-03-10,CUST-182,1,1.0,42.0,Receipt,42.0,0.0,Paid
receipt-199,510,2025-03-10,CUST-189,1,1.0,39.0,Receipt,39.0,0.0,Paid
receipt-175,511,2025-03-10,CUST-165,1,1.0,38.0,Receipt,38.0,0.0,Paid
receipt-204,512,2025-03-10,CUST-194,4,,140.0,Receipt,,,Unknown
receipt-194,513,,CUST-184,2,2.0,,Missing,,,Unknown
receipt-86,514,2025-03-11,CUST-080,1,1.0,39.0,Receipt,39.0,0.0,Paid
receipt-169,515,2025-03-11,CUST-159,1,1.0,25.0,Receipt,25.0,0.0,Paid
receipt-201,516,2025-03-12,CUST-191,1,1.0,38.0,Receipt,38.0,0.0,Paid
receipt-198,517,2025-03-12,CUST-188,1,1.0,29.5,Receipt,29.5,0.0,Paid
receipt-172,518,2025-03-15,CUST-162,1,1.0,39.0,Receipt,39.0,0.0,Paid
receipt-209,519,2025-03-15,CUST-199,1,1.0,6.0,Receipt,6.0,0.0,Paid
receipt-221,520,2025-03-15,CUST-211,1,1.0,39.0,Receipt,39.0,0.0,Paid
receipt-196,521,2025-03-14,CUST-186,4,1.0,,Missing,,,Unknown
receipt-87,522,2025-03-14,CUST-081,4,1.0,,Missing,,,Unknown
receipt-89,523,2025-03-14,CUST-083,4,1.0,,Missing,,,Unknown
receipt-207,526,2025-03-14,CUST-197,1,1.0,42.0,Receipt,42.0,0.0,Paid
receipt-200,527,2025-03-15,CUST-190,1,1.0,1.5,Receipt,1.5,0.0,Paid
receipt-197,528,2025-03-15,CUST-187,1,1.0,42.0,Receipt,42.0,0.0,Paid
receipt-212,529,2025-03-15,CUST-202,1,1.0,35.0,Receipt,35.0,0.0,Paid
receipt-202,530,,CUST-192,1,1.0,,Missing,,,Unknown
receipt-222,531,2025-03-15,CUST-212,1,1.0,2.0,Receipt,2.0,0.0,Paid
receipt-220,532,2025-03-15,CUST-210,1,2.0,59.0,Receipt,59.0,0.0,Paid
receipt-203,533,2025-03-16,CUST-193,1,1.0,29.0,Receipt,29.0,0.0,Paid
receipt-205,534,2025-03-16,CUST-195,4,4.0,151.0,Receipt,151.0,0.0,Paid
receipt-206,536,2025-03-18,CUST-196,1,1.0,38.0,Receipt,38.0,0.0,Paid
receipt-208,537,2025-03-18,CUST-198,1,1.0,29.0,Receipt,15.0,14.0,Partially Paid
receipt-215,538,2025-03-18,CUST-205,1,1.0,39.0,Receipt,39.0,0.0,Paid
receipt-217,539,2025-03-19,CUST-207,1,1.0,38.0,Receipt,38.0,0.0,Paid
receipt-210,540,2025-03-19,CUST-200,1,1.0,,Missing,,,Unknown
receipt-211,541,2025-03-19,CUST-201,1,1.0,,Missing,,,Unknown
receipt-213,542,2025-03-19,CUST-203,1,1.0,35.0,Receipt,35.0,0.0,Paid
receipt-214,543,2025-03-19,CUST-204,3,4.0,51.0,Receipt,51.0,0.0,Paid
receipt-223,544,2025-03-19,CUST-213,1,1.0,39.0,Receipt,39.0,0.0,Paid
receipt-225,545,2025-03-20,CUST-215,1,1.0,1.0,Receipt,1.0,0.0,Paid
receipt-216,546,2025-03-20,CUST-206,1,1.0,,Missing,,,Unknown
receipt-218,547,2025-03-20,CUST-208,1,1.0,,Missing,,,Unknown
receipt-219,548,2025-03-20,CUST-209,1,1.0,,Missing,,,Unknown
receipt-224,550,2025-03-20,CUST-214,1,1.0,39.0,Receipt,39.0,0.0,Paid
receipt-1,551,2025-03-20,CUST-001,1,1.0,40.0,Receipt,40.0,0.0,Paid
receipt-2,552,2025-03-20,CUST-002,1,1.0,39.0,Receipt,39.0,0.0,Paid
receipt-3,553,2025-03-21,CUST-003,1,1.0,1.5,Receipt,1.5,0.0,Paid
receipt-4,554,2025-03-21,CUST-004,1,1.0,39.0,Receipt,39.0,0.0,Paid
receipt-5,555,2025-03-22,CUST-005,1,1.0,,Missing,,,Unknown
receipt-6,556,2025-03-22,CUST-006,1,1.0,,Missing,,,Unknown
receipt-7,557,2025-03-22,CUST-007,2,3.0,120.0,Receipt,120.0,0.0,Paid
receipt-8,558,2025-03-22,CUST-008,1,1.0,38.0,Receipt,38.0,0.0,Paid
receipt-9,559,2025-03-22,CUST-009,1,1.0,2.0,Receipt,2.0,0.0,Paid
receipt-10,560,2025-03-22,CUST-010,1,1.0,38.0,Receipt,38.0,0.0,Paid
receipt-11,561,2025-03-23,CUST-011,1,1.0,39.0,Receipt,39.0,0.0,Paid
receipt-12,562,2025-03-24,CUST-012,1,1.0,2.0,Receipt,2.0,0.0,Paid
receipt-13,563,2025-03-24,CUST-013,1,1.0,1.5,Receipt,1.5,0.0,Paid
receipt-14,564,2025-03-25,CUST-014,1,1.0,,Missing,,,Unknown
receipt-15,565,2025-03-26,CUST-015,2,2.0,,Missing,,,Unknown
receipt-16,566,2025-03-26,CUST-016,1,1.0,39.0,Receipt,39.0,0.0,Paid
receipt-17,567,2025-03-26,CUST-017,1,1.0,1.0,Receipt,1.0,0.0,Paid
receipt-18,568,2025-03-27,CUST-018,1,1.0,2.0,Receipt,2.0,0.0,Paid
receipt-19,569,2025-03-27,CUST-019,1,1.0,39.0,Receipt,39.0,0.0,Paid
receipt-20,570,2025-03-28,CUST-020,1,1.0,2.0,Receipt,2.0,0.0,Paid
receipt-21,571,2025-03-28,CUST-021,1,2.0,70.0,Receipt,70.0,0.0,Paid
receipt-22,573,2025-03-28,CUST-022,1,1.0,1.5,Receipt,1.5,0.0,Paid
receipt-23,574,2025-03-28,CUST-023,2,2.0,50.0,Receipt,50.0,0.0,Paid
receipt-24,575,2025-03-28,CUST-024,1,1.0,38.0,Receipt,38.0,0.0,Paid
receipt-25,576,2025-03-29,CUST-025,1,1.0,1.0,Receipt,1.0,0.0,Paid
receipt-26,577,2025-03-29,CUST-026,1,1.0,2.0,Receipt,2.0,0.0,Paid
receipt-27,578,2025-03-29,CUST-027,1,1.0,38.0,Receipt,38.0,0.0,Paid
receipt-28,579,2025-03-29,CUST-028,1,1.0,35.0,Receipt,35.0,0.0,Paid
receipt-29,580,2025-04-02,CUST-029,1,1.0,29.0,Receipt,29.0,0.0,Paid
receipt-30,581,2025-04-02,CUST-030,1,1.0,1.5,Receipt,1.5,0.0,Paid
receipt-31,582,2025-04-03,CUST-031,1,1.0,39.0,Receipt,39.0,0.0,Paid
receipt-32,583,2025-04-04,CUST-032,1,1.0,45.0,Receipt,45.0,0.0,Paid
receipt-33,584,2025-04-08,CUST-033,1,1.0,4.0,Receipt,4.0,0.0,Paid
receipt-34,585,,CUST-034,1,1.0,,Missing,,,Unknown
receipt-35,586,2025-04-09,CUST-035,1,1.0,29.0,Receipt,29.0,0.0,Paid
receipt-36,587,2025-04-10,CUST-036,1,2.0,1.0,Receipt,1.0,0.0,Paid
receipt-37,588,2025-04-12,CUST-037,1,1.0,3.0,Receipt,3.0,0.0,Paid
receipt-38,589,2025-04-14,CUST-038,1,1.0,2.0,Receipt,2.0,0.0,Paid
receipt-39,590,2025-04-15,CUST-039,1,2.0,3.0,Receipt,3.0,0.0,Paid
receipt-40,591,2025-04-17,CUST-040,1,1.0,38.0,Receipt,38.0,0.0,Paid
receipt-41,592,2025-04-17,CUST-041,1,1.0,38.0,Receipt,38.0,0.0,Paid
receipt-42,593,2025-04-18,CUST-042,1,1.0,29.0,Receipt,29.0,0.0,Paid
receipt-43,594,2025-04-04,CUST-043,2,2.0,58.0,Receipt,58.0,0.0,Paid
receipt-44,595,2025-04-19,CUST-044,1,1.0,10.0,Receipt,10.0,0.0,Paid
receipt-45,596,2025-04-20,CUST-045,3,3.0,73.0,Receipt,2.0,71.0,Partially Paid
receipt-136,601,2025-04-23,CUST-127,1,1.0,1.0,Receipt,1.0,0.0,Paid
receipt-137,602,2025-04-24,CUST-128,1,1.0,55.0,Receipt,55.0,0.0,Paid
receipt-138,603,2025-04-28,CUST-129,1,1.0,3.0,Receipt,3.0,0.0,Paid
receipt-139,604,2025-04-29,CUST-130,2,2.0,36.0,Receipt,36.0,0.0,Paid
receipt-141,605,2025-04-20,CUST-131,1,1.0,39.0,Receipt,39.0,0.0,Paid
receipt-142,606,2025-04-29,CUST-132,2,2.0,77.0,Receipt,77.0,0.0,Paid
receipt-143,607,2025-05-01,CUST-133,1,1.0,35.0,Receipt,35.0,0.0,Paid
receipt-144,608,2025-05-02,CUST-134,1,1.0,38.0,Receipt,9.5,28.5,Partially Paid
receipt-88,609,2025-05-02,CUST-082,1,1.0,65.0,Receipt,46.25,18.75,Partially Paid
receipt-146,610,2025-05-03,CUST-136,1,1.0,39.0,Receipt,39.0,0.0,Paid
receipt-147,611,2025-05-03,CUST-137,1,1.0,38.0,Receipt,38.0,0.0,Paid
receipt-148,612,2025-05-04,CUST-138,1,1.0,33.0,Receipt,33.0,0.0,Paid
receipt-149,613,2025-05-06,CUST-139,2,5.0,38.0,Receipt,38.0,0.0,Paid
receipt-150,614,2025-05-07,CUST-140,2,2.0,69.0,Receipt,69.0,0.0,Paid
receipt-151,615,2025-05-07,CUST-141,1,1.0,32.0,Receipt,32.0,0.0,Paid
receipt-152,616,2025-05-08,CUST-142,1,1.0,10.0,Receipt,10.0,0.0,Paid
receipt-153,617,2025-05-09,CUST-143,1,1.0,39.0,Receipt,,,Unknown
receipt-154,618,2025-05-10,CUST-144,1,1.0,12.0,Receipt,12.0,0.0,Paid
receipt-155,619,2025-05-10,CUST-145,1,1.0,38.0,Receipt,38.0,0.0,Paid
receipt-156,620,2025-05-11,CUST-146,1,1.0,3.0,Receipt,3.0,0.0,Paid
receipt-157,621,2025-05-11,CUST-147,1,1.0,,Missing,,,Unknown
receipt-158,622,2025-05-11,CUST-148,1,1.0,38.0,Receipt,38.0,0.0,Paid
receipt-159,623,2025-05-13,CUST-149,1,1.0,38.0,Receipt,38.0,0.0,Paid
receipt-160,624,2025-05-13,CUST-150,1,1.0,25.0,Receipt,25.0,0.0,Paid
receipt-161,625,2025-05-12,CUST-151,1,1.0,39.0,Receipt,39.0,0.0,Paid
receipt-162,626,,CUST-152,1,1.0,,Missing,,,Unknown
receipt-163,627,2025-05-15,CUST-153,1,38.0,38.0,Receipt,38.0,0.0,Paid
receipt-164,628,2025-05-15,CUST-154,1,1.0,38.0,Receipt,38.0,0.0,Paid
receipt-165,629,2025-05-16,CUST-155,1,1.0,2.0,Receipt,2.0,0.0,Paid
receipt-166,630,2025-05-19,CUST-156,1,1.0,38.0,Receipt,38.0,0.0,Paid
receipt-167,631,2025-05-21,CUST-157,1,1.0,42.0,Receipt,42.0,0.0,Paid
receipt-168,632,2025-05-21,CUST-158,1,1.0,41.0,Receipt,41.0,0.0,Paid
receipt-170,633,2025-05-22,CUST-160,2,2.0,75.5,Receipt,75.5,0.0,Paid
receipt-171,634,2025-05-23,CUST-161,2,2.0,77.0,Receipt,77.0,0.0,Paid
receipt-173,635,2025-05-23,CUST-163,1,1.0,39.0,Receipt,39.0,0.0,Paid
receipt-174,636,2025-05-24,CUST-164,1,1.0,42.0,Receipt,42.0,0.0,Paid
receipt-176,637,2025-05-24,CUST-166,1,1.0,35.0,Receipt,35.0,0.0,Paid
receipt-178,638,2025-05-24,CUST-168,1,1.0,38.0,Receipt,38.0,0.0,Paid
receipt-179,639,2025-05-25,CUST-169,1,1.0,,Missing,,,Unknown
receipt-181,640,2025-05-25,CUST-171,1,1.0,,Missing,,,Unknown
receipt-145,641,2025-05-25,CUST-135,1,1.0,19.0,Receipt,19.0,0.0,Paid
receipt-90,642,2025-05-25,CUST-084,1,1.0,,Missing,,,Unknown
receipt-184,643,2025-05-25,CUST-174,1,1.0,2.0,Receipt,2.0,0.0,Paid
receipt-186,644,2025-05-25,CUST-176,1,1.0,3.5,Receipt,3.5,0.0,Paid
receipt-182,646,2025-05-27,CUST-172,1,1.0,1.5,Receipt,1.5,0.0,Paid
receipt-189,647,2025-05-27,CUST-179,1,1.0,,Missing,,,Unknown
receipt-191,648,2025-05-27,CUST-181,1,1.0,,Missing,,,Unknown
receipt-188,649,,CUST-178,1,1.0,,Missing,,,Unknown
receipt-230,702,2025-09-12,CUST-220,1,1.0,39.0,Receipt,15.0,24.0,Partially Paid
receipt-227,703,2025-09-15,CUST-217,3,4.0,100.0,Receipt,,,Unknown
receipt-228,704,2025-09-17,CUST-218,1,1.0,35.0,Receipt,35.0,0.0,Paid
receipt-229,705,,CUST-219,1,1.0,,Missing,,,Unknown
receipt-226,706,,CUST-216,1,1.0,,Missing,,,Unknown
receipt-91,707,,CUST-085,1,1.0,,Missing,,50.5,Unpaid
receipt-92,708,,CUST-086,1,1.0,,Missing,,0.0,Paid
receipt-93,709,2025-09-30,CUST-087,1,,2.0,Receipt,2.0,0.0,Paid
receipt-94,710,2025-09-30,CUST-088,1,1.0,33.0,Receipt,33.0,0.0,Paid
receipt-95,711,,CUST-089,1,1.0,32.0,Receipt,16.0,16.0,Partially Paid
receipt-96,712,,CUST-090,1,1.0,,Missing,,0.0,Paid
receipt-97,713,,CUST-091,1,1.0,,Missing,,17.5,Unpaid
receipt-98,714,2025-10-09,CUST-092,1,1.0,33.0,Receipt,33.0,0.0,Paid
receipt-99,715,2025-03-04,CUST-093,2,2.0,29.0,Receipt,29.0,0.0,Paid
receipt-101,716,2025-10-04,CUST-094,1,1.0,1.5,Receipt,1.5,0.0,Paid
receipt-102,717,,CUST-095,1,1.0,,Missing,,0.0,Paid
receipt-103,718,,CUST-096,2,2.0,,Missing,,0.0,Paid
receipt-104,720,2025-10-09,CUST-097,1,1.0,1.0,Receipt,1.0,0.0,Paid
receipt-105,721,2025-10-09,CUST-098,1,,33.0,Receipt,15.0,18.0,Partially Paid
receipt-106,722,2025-10-12,CUST-099,2,2.0,76.0,Receipt,,,Unknown
receipt-107,723,,CUST-100,1,1.0,,Missing,,15.5,Unpaid
receipt-108,724,2025-10-14,CUST-101,1,1.0,33.0,Receipt,33.0,0.0,Paid
receipt-109,725,2025-10-15,CUST-102,1,,33.0,Receipt,33.0,0.0,Paid
receipt-110,726,2025-10-15,CUST-103,1,1.0,30.0,Receipt,30.0,0.0,Paid
receipt-111,727,2025-10-16,CUST-104,1,6.0,12.0,Receipt,12.0,0.0,Paid
receipt-112,728,2025-10-16,CUST-105,1,1.0,1.5,Receipt,1.5,0.0,Paid
receipt-113,729,,CUST-106,1,1.0,,Missing,,15.5,Unpaid
receipt-114,730,2025-10-20,CUST-107,1,1.0,39.0,Receipt,39.0,0.0,Paid
receipt-115,731,2025-10-20,CUST-108,1,2.0,36.0,Receipt,36.0,0.0,Paid
receipt-116,732,2025-10-21,CUST-109,1,1.0,29.0,Receipt,29.0,0.0,Paid
receipt-117,733,2025-10-21,CUST-110,1,1.0,40.0,Receipt,40.0,0.0,Paid
receipt-118,734,2025-10-21,CUST-111,1,1.0,29.0,Receipt,10.0,19.0,Partially Paid
receipt-119,735,2025-10-23,CUST-112,1,1.0,29.0,Receipt,29.0,0.0,Paid
receipt-120,736,2025-10-23,CUST-113,2,2.0,23.0,Receipt,23.0,0.0,Paid
receipt-121,737,2025-10-23,CUST-114,1,1.0,29.0,Receipt,29.0,0.0,Paid
receipt-122,738,2025-10-24,CUST-115,2,1.0,70.0,Receipt,10.0,60.0,Partially Paid
receipt-123,739,2025-10-24,CUST-116,1,1.0,29.0,Receipt,29.0,0.0,Paid
receipt-124,740,2025-10-25,CUST-117,1,1.0,33.0,Receipt,33.0,0.0,Paid
receipt-125,741,2025-08-25,CUST-118,1,1.0,29.0,Receipt,29.0,0.0,Paid
receipt-126,742,2025-10-26,CUST-110,1,1.0,1.0,Receipt,1.0,0.0,Paid
receipt-127,743,2025-10-26,CUST-119,1,1.0,29.0,Receipt,15.0,14.0,Partially Paid
receipt-128,744,2025-10-28,CUST-120,1,2.0,80.0,Receipt,80.0,0.0,Paid
receipt-129,745,2025-11-28,CUST-121,1,1.0,25.0,Receipt,25.0,0.0,Paid
receipt-130,746,2025-10-29,CUST-122,1,3.0,75.0,Receipt,75.0,0.0,Paid
receipt-131,747,2025-10-30,CUST-123,1,1.0,29.0,Receipt,29.0,0.0,Paid
receipt-132,748,2025-10-31,CUST-124,2,2.0,54.0,Receipt,54.0,0.0,Paid
receipt-133,749,2025-11-01,CUST-125,1,1.0,31.0,Receipt,31.0,0.0,Paid
receipt-134,750,2025-11-02,CUST-126,1,1.0,1.5,Receipt,1.5,0.0,Paid
receipt-47,754,2025-11-07,CUST-046,1,1.0,5.0,Receipt,5.0,0.0,Paid
receipt-51,755,2025-11-07,CUST-049,1,1.0,29.0,Receipt,29.0,0.0,Paid
receipt-52,756,2025-11-08,CUST-050,3,3.0,91.0,Receipt,91.0,0.0,Paid
receipt-53,757,2025-11-08,CUST-051,1,1.0,25.0,Receipt,25.0,0.0,Paid
receipt-54,758,2025-11-09,CUST-052,1,1.0,38.0,Receipt,38.0,0.0,Paid
receipt-55,759,2025-11-15,CUST-053,1,1.0,33.0,Receipt,33.0,0.0,Paid
receipt-56,760,2025-11-17,CUST-054,1,1.0,29.0,Receipt,29.0,0.0,Paid
receipt-57,761,2025-11-20,CUST-055,1,1.0,32.0,Receipt,32.0,0.0,Paid
receipt-58,762,2025-11-21,CUST-056,1,1.0,33.0,Receipt,32.0,1.0,Partially Paid
receipt-59,763,2025-11-24,CUST-057,1,1.0,25.0,Receipt,25.0,0.0,Paid
receipt-60,764,2025-11-26,CUST-058,1,1.0,25.0,Receipt,25.0,0.0,Paid
receipt-61,765,2025-11-26,CUST-059,1,1.0,1.0,Receipt,1.0,0.0,Paid
receipt-62,767,2025-11-27,CUST-060,1,1.0,35.0,Receipt,35.0,0.0,Paid
receipt-63,768,2025-11-28,CUST-061,3,3.0,83.0,Receipt,83.0,0.0,Paid
receipt-64,769,,CUST-062,1,1.0,25.0,Receipt,25.0,0.0,Paid
receipt-65,770,2025-11-29,CUST-054,1,1.0,2.0,Receipt,2.0,0.0,Paid
receipt-66,771,2025-11-29,CUST-063,1,1.0,22.0,Receipt,22.0,0.0,Paid
receipt-67,772,2025-12-03,CUST-064,2,2.0,96.0,Receipt,96.0,0.0,Paid
receipt-68,773,2025-12-03,CUST-054,1,1.0,20.0,Receipt,20.0,0.0,Paid
receipt-70,774,2025-12-05,CUST-065,1,1.0,35.0,Receipt,35.0,0.0,Paid
receipt-71,775,,CUST-066,1,1.0,29.0,Receipt,29.0,0.0,Paid
receipt-72,776,,CUST-067,1,1.0,,Missing,,14.5,Unpaid
receipt-73,777,,CUST-068,1,1.0,,Missing,,,Unknown
receipt-74,778,2025-12-09,CUST-069,1,1.0,,Missing,,25.0,Unpaid
receipt-75,779,2025-12-12,CUST-070,2,2.0,72.0,Receipt,72.0,0.0,Paid
receipt-76,780,2025-12-12,CUST-071,1,1.0,1.0,Receipt,1.0,0.0,Paid
receipt-77,781,,CUST-072,1,1.0,19.0,Receipt,19.0,0.0,Paid
receipt-78,782,2025-12-21,CUST-073,1,1.0,35.0,Receipt,35.0,0.0,Paid
receipt-79,783,2025-12-23,CUST-074,1,2.0,7.0,Receipt,7.0,0.0,Paid
receipt-80,784,2025-12-25,CUST-075,1,1.0,32.0,Receipt,32.0,0.0,Paid
receipt-81,785,2025-12-29,CUST-076,1,1.0,29.0,Receipt,10.0,19.0,Partially Paid
receipt-82,786,2025-12-29,CUST-077,1,1.0,36.0,Receipt,36.0,0.0,Paid
receipt-83,787,2025-12-31,CUST-062,3,3.0,161.0,Receipt,161.0,0.0,Paid
receipt-84,788,2025-12-31,CUST-078,1,1.0,35.0,Receipt,35.0,0.0,Paid
receipt-85,789,2026-01-06,CUST-079,1,1.0,1.5,Receipt,1.5,0.0,Paid
receipt-48,790,2026-01-07,CUST-047,1,1.0,40.0,Receipt,40.0,0.0,Paid
receipt-50,791,2026-01-08,CUST-048,1,1.0,39.0,Receipt,39.0,0.0,Paid
